id,name,email,gender,credit_card_type,dept,vehicle,tertiary
353-61-4179,Barron Swanton,bswanton0@plala.or.jp,Male,mastercard,Shoes,Mercedes-Benz,Université de Toulouse-le-Mirail (Toulouse II)
218-46-3208,Tobiah Bithany,tbithany1@ebay.com,Male,jcb,Jewelry,Kia,New York Medical College
681-54-8791,Lurleen Standbrook,lstandbrook2@booking.com,Female,visa,Clothing,Ford,Himachal Pradesh Agricultural University
737-87-2533,Angele Redhouse,aredhouse3@bing.com,Female,visa,Movies,Mercedes-Benz,Port Said University
288-06-7158,Elsi Stroder,estroder4@alexa.com,Female,mastercard,Shoes,Lexus,University of Regina
111-21-0449,Arnie Cunnell,acunnell5@sbwire.com,Male,americanexpress,Electronics,Lincoln,Universidade Estadual Paulista
508-03-9173,Abey Elvins,aelvins6@newyorker.com,Male,jcb,Tools,Dodge,Hitec University
774-95-7080,Dona Pink,dpink7@tamu.edu,Female,mastercard,Toys,Chevrolet,Universitas Pembangunan Panca Budi
764-12-4033,Graig Murrthum,gmurrthum8@blog.com,Male,visa,Electronics,GMC,Engineering College of Aarhus
884-44-1831,Packston Meechan,pmeechan9@technorati.com,Male,americanexpress,Games,Mercedes-Benz,University of North Texas
893-07-7681,Sigfried Gadsden,sgadsdena@wunderground.com,Male,americanexpress,Clothing,Pontiac,Musashino Women's University
584-83-5764,Xenia Helder,xhelderb@huffingtonpost.com,Female,mastercard,Health,GMC,"Moldova State University of Medicine and Pharmacy ""N. Testemitsanu"""
785-49-0081,Hamish Tabourier,htabourierc@reddit.com,Male,jcb,Jewelry,Buick,Debrecen University of Agricultural Sciences
146-15-7148,Kingston McElvine,kmcelvined@youku.com,Male,americanexpress,Shoes,Mazda,Belarussian State Agrarian Technical University
282-05-2911,Malvin Dalling,mdallinge@wikipedia.org,Male,americanexpress,Electronics,Oldsmobile,University of Technical Education Ho Chi Minh City
640-35-8911,Koenraad Barniss,kbarnissf@wiley.com,Male,mastercard,Jewelry,Mitsubishi,Universidad Interamericana de Educacion a Distancia de Panama
277-95-5328,Chrisy Crichmere,ccrichmereg@1und1.de,Male,mastercard,Industrial,Mazda,Evangelische Fachhochschule Hannover
789-27-0520,Erich Leese,eleeseh@domainmarket.com,Male,mastercard,Jewelry,Nissan,College of Dunaujvaros
299-96-1655,Phyllida Shutle,pshutlei@artisteer.com,Female,visa,Movies,Honda,University of Paisley
661-05-6778,Markus Atton,mattonj@gov.uk,Male,americanexpress,Outdoors,Honda,Ecole Centrale de Nantes
679-22-2087,Aleksandr Rishworth,arishworthk@google.nl,Male,mastercard,Kids,Chevrolet,Athenaeum of Ohio
678-41-7508,Antonia Sumers,asumersl@sourceforge.net,Female,americanexpress,Movies,Cadillac,Universidad Pública de Navarra
313-86-5736,Nell Cowap,ncowapm@hatena.ne.jp,Female,mastercard,Grocery,Ford,Yangzhou University
656-06-4871,Horatius Davidwitz,hdavidwitzn@wikia.com,Male,visa,Music,Porsche,Universidad del Valle de Guatemala
347-01-5891,Joellyn Haldin,jhaldino@angelfire.com,Female,americanexpress,Books,Mazda,Nanhua University
406-21-7055,Amitie Dudson,adudsonp@statcounter.com,Female,mastercard,Beauty,Mazda,Ross University Caribbean School of Medicine
706-85-3896,Pepillo Borlease,pborleaseq@mashable.com,Bigender,visa,Music,Ford,University of Opole
290-41-1426,Wernher Snoddon,wsnoddonr@geocities.jp,Male,mastercard,Sports,Ford,Rhodes University
708-26-2635,Cirillo Scarratt,cscarratts@nytimes.com,Male,jcb,Automotive,Toyota,Build Bright University
323-84-5861,Sadella Moakson,smoaksont@harvard.edu,Female,mastercard,Industrial,Pontiac,Norton University
618-84-3985,Sharl Pindred,spindredu@intel.com,Female,jcb,Health,Chevrolet,Moscow State University of Geodesy and Cartography
399-35-3549,Neville Malitrott,nmalitrottv@pagesperso-orange.fr,Male,visa,Health,BMW,Kyoto Women's University
422-46-2906,Vince Lello,vlellow@skyrock.com,Male,americanexpress,Music,Isuzu,Manhattan College
233-01-0796,Lindy Scane,lscanex@slashdot.org,Female,mastercard,Jewelry,Infiniti,Taganrog State University of Radioengineering
334-74-3147,Hilliard Groarty,hgroartyy@nifty.com,Male,visa,Jewelry,Mercedes-Benz,Tokyo Institute of Technology
798-34-6334,Briana Ambler,bamblerz@nsw.gov.au,Female,mastercard,Automotive,Saab,University of Rajasthan
238-97-8928,Mikel Hoofe,mhoofe10@flavors.me,Male,mastercard,Beauty,Chevrolet,"Universidad Latinoamericana de Ciencia y Tecnologia, Panamá"
593-61-1781,Anatola Manis,amanis11@youtube.com,Female,americanexpress,Jewelry,Cadillac,Gunma University
370-63-2925,Felicle Todman,ftodman12@uol.com.br,Female,mastercard,Movies,Honda,Green University of Bangladesh
138-35-3451,Wendel Yeowell,wyeowell13@google.co.uk,Male,mastercard,Industrial,Dodge,Helsinki University of Technology
524-60-3281,Moll Greeves,mgreeves14@odnoklassniki.ru,Female,americanexpress,Outdoors,Chevrolet,Valdosta State University
355-69-5132,Carny Lob,clob15@pen.io,Male,mastercard,Kids,Toyota,Takestan Islamic Azad University
814-22-9880,Beatrix Karlsen,bkarlsen16@symantec.com,Female,mastercard,Industrial,Dodge,Samara State University of Teacher Training
891-78-3044,Delmore Kaesmans,dkaesmans17@webs.com,Male,visa,Beauty,Ram,Galway Mayo Institute of Technology
779-91-7126,Emmerich Elias,eelias18@loc.gov,Male,visa,Grocery,Ford,East Kazakhstan State University
311-61-6669,Reamonn Jencken,rjencken19@google.fr,Male,americanexpress,Home,Volkswagen,Université d'Alger 3
106-84-9901,Raffaello Killock,rkillock1a@51.la,Male,visa,Baby,Subaru,Universiti Malaysia Kelantan
574-14-7166,Buck Gullam,bgullam1b@51.la,Male,mastercard,Sports,Buick,St. Louis Christian College
338-51-0119,Lannie Parkhouse,lparkhouse1c@i2i.jp,Male,visa,Outdoors,Mazda,Aga Khan University
772-36-1044,Amos Pellew,apellew1d@gov.uk,Male,visa,Home,Mitsubishi,University of Southern Maine
501-90-0383,Carolina Langhorne,clanghorne1e@ask.com,Female,americanexpress,Shoes,Chrysler,"University of California, San Diego"
719-65-5940,Earl Keelinge,ekeelinge1f@epa.gov,Male,americanexpress,Outdoors,Lotus,Cevro Institut College
527-55-8867,Klara Menhci,kmenhci1g@mac.com,Female,americanexpress,Shoes,Toyota,Mahamakut Buddhist University
696-92-2933,Gabbi Guerreru,gguerreru1h@barnesandnoble.com,Female,mastercard,Movies,Bentley,University of Reading
713-98-6122,Arabelle Van Leeuwen,avan1i@hostgator.com,Female,jcb,Kids,Isuzu,Kumoh National University of Technology
577-64-1358,Ricki Arman,rarman1j@ameblo.jp,Male,jcb,Games,Chevrolet,Westfälische Wilhelms-Universität Münster
590-80-7812,Cristiano Rosenqvist,crosenqvist1k@china.com.cn,Male,visa,Movies,Pontiac,British University in Dubai
270-99-8718,Mathian Gonzalvo,mgonzalvo1l@ameblo.jp,Male,mastercard,Toys,GMC,Institut Catholique d'Arts et Métiers Lille
231-91-7432,Clair Le Grice,cle1m@hatena.ne.jp,Male,visa,Tools,Honda,Ohio Dominican College
883-31-8765,Issi Crystal,icrystal1n@tmall.com,Female,mastercard,Sports,Porsche,Université de Montréal
220-91-9530,Tildy Dunne,tdunne1o@cocolog-nifty.com,Female,jcb,Grocery,Nissan,Lulea University of Technology
884-64-1028,Spencer Ferrea,sferrea1p@mtv.com,Male,mastercard,Tools,Toyota,"Universidad Internacional de Andalucía, Sede La Rábida"
201-63-6785,Auria Greenmon,agreenmon1q@columbia.edu,Female,jcb,Sports,Chevrolet,Hochschule für Jüdische Studien Heidelberg
271-35-7457,Theodosia Hunday,thunday1r@sitemeter.com,Female,mastercard,Baby,Saab,Saginaw Valley State University
364-33-8504,Daren Gonnet,dgonnet1s@boston.com,Male,jcb,Outdoors,Mercedes-Benz,Bharathiar University
546-42-0627,Zarla Jarrad,zjarrad1t@yahoo.co.jp,Female,visa,Clothing,Bentley,Arab Open University
677-79-9395,Alvina Hugin,ahugin1u@icio.us,Female,americanexpress,Music,Chevrolet,Koyasan University
433-58-1023,Rodney Dodman,rdodman1v@ucoz.com,Male,jcb,Computers,Kia,South China University
135-95-2923,Norton Nabarro,nnabarro1w@nasa.gov,Male,mastercard,Grocery,Mazda,Universidad Autónoma del Carmen
886-20-0076,Skylar Beddoe,sbeddoe1x@booking.com,Male,americanexpress,Home,Mazda,Universitas Islam Riau
716-99-0013,David O'Day,doday1y@csmonitor.com,Male,visa,Books,Mitsubishi,Sadat Institute of Higher Education
296-52-4095,Larry Stroder,lstroder1z@marriott.com,Male,americanexpress,Toys,Volkswagen,Divine Word College
553-67-4680,Margo Poletto,mpoletto20@senate.gov,Female,mastercard,Clothing,Ford,Kutztown University of Pennsylvania
159-11-6902,Elfrida Tidcomb,etidcomb21@adobe.com,Female,jcb,Computers,Mitsubishi,Université M'hamed Bouguerra de Boumerdes
372-92-0072,Auria Helder,ahelder22@dailymail.co.uk,Genderqueer,visa,Baby,Chevrolet,Riyadh College of Dentistry and Pharmacy
636-06-4046,Gardner Goddert.sf,ggoddertsf23@t.co,Bigender,americanexpress,Toys,Suzuki,Bingham University
860-04-1985,Meg Pughe,mpughe24@bloglovin.com,Female,visa,Beauty,Pontiac,Rajendra Agricultural University
677-18-3511,Norri Alfonso,nalfonso25@cnbc.com,Genderqueer,mastercard,Garden,GMC,Oulu Polytechnic
783-55-2632,Gina Kitteringham,gkitteringham26@hc360.com,Female,visa,Home,Honda,Targu-Mures University of Theatre
448-82-6358,Kirsti Torry,ktorry27@printfriendly.com,Female,visa,Games,Honda,European Management School
300-75-4333,Roley Labes,rlabes28@elegantthemes.com,Male,mastercard,Clothing,Kia,Polonia University in Czêstochowa
133-60-5622,Averyl Elgood,aelgood29@ifeng.com,Polygender,visa,Garden,Lotus,Universidad de La Rioja
846-60-8676,Jerry Hovee,jhovee2a@ycombinator.com,Female,visa,Sports,Dodge,Athens School of Fine Arts
550-34-9543,Lorilee Rozsa,lrozsa2b@surveymonkey.com,Female,visa,Music,Mercury,Grambling State University
181-78-6604,Lizabeth Ravens,lravens2c@microsoft.com,Female,visa,Clothing,Aptera,California Institute of Technology
707-43-9620,Fredrika Goggey,fgoggey2d@google.it,Female,americanexpress,Computers,Mercedes-Benz,Hebei Agricultural University
756-44-0604,Jordan Sherwen,jsherwen2e@sourceforge.net,Female,mastercard,Games,Lexus,Bank Street College of Education
324-11-5558,Curr Lornsen,clornsen2f@github.io,Male,americanexpress,Shoes,Mitsubishi,Castleton State College
258-47-6560,Lancelot Sansum,lsansum2g@nature.com,Male,jcb,Automotive,Honda,Universidad Champagnat
675-33-9812,Shirline Light,slight2h@accuweather.com,Female,jcb,Beauty,Dodge,Presbyterian College
553-85-3047,Bondon Hindsberg,bhindsberg2i@comcast.net,Male,mastercard,Clothing,Lincoln,"Polytechnic University, Westchester Graduate Center"
531-40-5006,Loutitia Martinuzzi,lmartinuzzi2j@dyndns.org,Female,jcb,Computers,Mercedes-Benz,Universidad Pontificia Bolivariana
428-04-4905,Lorrie Lodge,llodge2k@amazon.co.uk,Female,mastercard,Music,Jeep,Kafkas University
381-27-6889,Moore Gravells,mgravells2l@google.com,Male,mastercard,Outdoors,Toyota,University of Mauritius
563-50-1510,Geoff De La Salle,gde2m@nbcnews.com,Male,americanexpress,Garden,BMW,Universidad de Carabobo
472-10-4244,Nance Rougier,nrougier2n@canalblog.com,Female,jcb,Grocery,Chevrolet,"Ecole Nationale Supérieure d'Electronique, d'Electrotechnique, d'Informatique et d'Hydraulique de Toulouse"
179-26-9017,Concordia Griswaite,cgriswaite2o@yolasite.com,Female,mastercard,Toys,GMC,University of Finance and Management in Bialystok
654-04-1452,Juliane Iannelli,jiannelli2p@networksolutions.com,Female,visa,Sports,Ford,Philander Smith College
480-64-8616,Falito Bumpass,fbumpass2q@indiegogo.com,Male,mastercard,Electronics,Volvo,University Vitez In Travnik
747-26-7650,Noby Deschlein,ndeschlein2r@weibo.com,Male,americanexpress,Baby,Land Rover,Belarussian State Technological University
